Name;Price;Url
Подвесной светильник Ферум Orange;5490;/product/podvesnoj-svetilnik-ferum-orange
Светильник потолочный Ринга Black;4390;/product/svetilnik-potolochnyj-ringa-black
Торшер Бьйорк White;13 190;/product/torsher-bjork-white
Подвесной светильник Тубули-5 Wood;14 290;/product/podvesnoj-svetilnik-tubuli-5-wood
Бра Смастен White;5490;/product/bra-smasten-white
Настольная лампа Арвика Wood;6590;/product/nastolnaya-lampa-arvika-wood
Подвесной светильник Инлада Wood;10 990;/product/podvesnoj-svetilnik-inlada-wood
Подвесной светильник Намсен Black;12 090;/product/podvesnoj-svetilnik-namsen-black
Торшер Алней-2 White;7690;/product/torsher-alnej-2-white
Люстра Ливсден Brown;18 690;/product/lyustra-livsden-brown
Подвесной светильник Гронтри-1 Wood;15 390;/product/podvesnoj-svetilnik-grontri-1-wood
Бра Бракетт White;4390;/product/bra-brakett-white
Подвесной светильник Отра Wood;18 690;/product/podvesnoj-svetilnik-otra-wood
Подвесной светильник Кронор Orange;8790;/product/podvesnoj-svetilnik-kronor-orange
Торшер Алней-2 Black;7690;/product/torsher-alnej-2-black
Светильник потолочный Орхус White;18 690;/product/svetilnik-potolochnyj-orhus-white
Подвесной светильник Рена Green;5490;/product/podvesnoj-svetilnik-rena-green
Светильник потолочный Ринга White;4390;/product/svetilnik-potolochnyj-ringa-white
Настольная лампа Логмар Black;7140;/product/nastolnaya-lampa-logmar-black
Бра Берит Black;4390;/product/bra-berit-black
Подвесной светильник Кронор Black;8790;/product/podvesnoj-svetilnik-kronor-black
Настольная лампа Бьйорк White;4390;/product/nastolnaya-lampa-bjork-white
Подвесной светильник Селау-2 Glass;4390;/product/podvesnoj-svetilnik-selau-2-glass
Торшер Алней-2 Green;7690;/product/torsher-alnej-2-green
Подвесной светильник Джамби Rattan;15 390;/product/podvesnoj-svetilnik-djambi-rattan
Бра Пинна Black;7690;/product/bra-pinna-black
Подвесной светильник Бьйорк White;8790;/product/podvesnoj-svetilnik-bjork-white
Торшер Осло Blue;19 790;/product/torsher-oslo-blue
Настольная лампа Чэд Black;4390;/product/nastolnaya-lampa-ched-black
Бра Бьйорк White;3290;/product/bra-bjork-white
Подвесной светильник Арвика Wood;8790;/product/podvesnoj-svetilnik-arvika-wood
Подвесной светильник Бенфлит Black;7690;/product/podvesnoj-svetilnik-benflit-black
Светильник потолочный Орхус Black;18 690;/product/svetilnik-potolochnyj-orhus-black
Торшер Алней-2 Orange;7690;/product/torsher-alnej-2-orange
Настольная лампа Требен Orange;3620;/product/nastolnaya-lampa-treben-orange
Подвесной светильник Ливсден Brown;5490;/product/podvesnoj-svetilnik-livsden-brown
Настольная лампа Филикс Black;4390;/product/nastolnaya-lampa-filiks-black
Подвесной светильник Бейла Black;6590;/product/podvesnoj-svetilnik-bejla-black
Светильник потолочный Лаго White;13 190;/product/svetilnik-potolochnyj-lago-white
Подвесной светильник Чинкве Silver;6590;/product/podvesnoj-svetilnik-chinkve-silver
Торшер Энкель Black;6590;/product/torsher-enkel-black
Люстра Малинг Multi;16 490;/product/lyustra-maling-multi
Подвесной светильник Джамби-1 Rattan;7690;/product/podvesnoj-svetilnik-djambi-1-rattan
Подвесной светильник Селау-1 Glass;5490;/product/podvesnoj-svetilnik-selau-1-glass
Подвесной светильник Ферум Black;4390;/product/podvesnoj-svetilnik-ferum-black
Бра Смастен Black;5490;/product/bra-smasten-black
Подвесной светильник Кронор White;8790;/product/podvesnoj-svetilnik-kronor-white
Подвесной светильник Тубули Wood;3290;/product/podvesnoj-svetilnik-tubuli-wood
